﻿No,DriverName,DriverAge,CoDriverName,CoDriverAge,CarName,係数,車製造年,CarClass,年齢係数
1,竹元 京人,25843,竹元 淳子,25794,BUGATTI T40,1.75,1928,A,1
2,佐藤公夫,27470,佐藤 喜美子,27381,BUGATTI T35B,1.75,1927,A,1
3,遊佐 勇人,21879,遊佐 直子,20571,ASTON MARTIN INTERNATIONAL,1.65,1930,B,1
5,小宮 延雄,27542,小宮 芳子,25970,MG N TYPE MAGNETT,1.65,1935,B,1
6,比嘉成夫,24191,比嘉 祐太郎,13097,FIAT 508S BALILLA COPPA D'ORO,1.6,1935,B,1
7,疋野 繁,26118,疋野 則子,24328,LAGONDA RAPIER,1.65,1935,B,1
8,中島 照夫,23992,中島 房子,21508,JAGUAR SS100,1.55,1936,B,1
9,加藤 佳支信,22265,加藤 三美子,22310,MG TA MIDGET,1.65,1936,B,1
10,,0,,0,,,,,0
11,平野 喜正,26614,平野 三枝子,26609,MORGAN 4/4 FLAT RADIATOR,1.55,1937,B,1
12,竹内 眞哉,26645,桶谷 渡,21949,ALVIS SPEED 25 VANDEN PLAS TOURER,1.65,1937,B,1
13,名倉 和宏,20159,,0,RILEY ９,1.6,1934,B,1
14,瀧川 弘幸,25813,松戸 修,20147,OSCA MT4,1.7,1949,C,1
15,山﨑 剛,25693,,0,STANGUELLINI FORMULA JUNIOR,1.6,1959,E,1
16,松下 兼昭,28198,松下 真理,27048,STANGUELLINI S1100,1.65,1947,C,1
17,小嶋 伸吾,21724,小嶋 佐千子,18741,LANCIA PAGANI,1.6,1947,C,1
18,石渡 博和,21684,石渡 英鉄,0,CISITALIA COLOMBO BARCHETTA,1.65,1948,C,1
19,寺井則彦,22153,本多 哲也,20884,STANGUELLINI 1100 SPORT,1.65,1947,C,1
20,,0,,0,,,,,0
21,田代 正,20154,竹山 慎一,20246,FERRARI 212 INTER,1.45,1951,D,1
22,増田 佳子,20006,小林 正次,23677,FIAT ALBANESI 1100 SPORT,1.6,1951,D,1
23,味岡 儀郎,24904,和田 健太郎,14123,TRIUMPH TR2,1.45,1955,D,1
24,池田 公洋,19807,江嶋 真吾,16571,ALFA ROMEO GIULIETTA SPIDER 750D,1.45,1957,D,1
25,成瀬 健吾,19316,柳澤 卓二,19490,ALFA ROMEO GIULIETTA SPIDER,1.45,1961,E,1
26,大谷 清二,20456,岩崎 良太郎,18725,ALFA ROMEO GIULIA SPIDER,1.45,1962,E,1
27,平間　誉弘,21267,平間 智子,16606,PORSCHE 356C,1.4,1964,E,1
28,上岡 路明,23120,上岡 朱紀,15199,JAGUAR XK120 OTS,1.4,1950,D,1
29,佐藤 竜一郎,18158,荒木 一実,21400,HEALEY SILVERSTONE D-type,1.55,1949,C,1
30,,0,,0,,,,,0
31,吉川 秀隆,27799,澤田 真治,9751,MERCEDES BENZ 190SL,1.4,1955,D,1
32,西阪 修一郎,16547,西阪 安美,13475,MERCEDES BENZ 190SL,1.4,1958,E,1
33,湯山 和彦,26605,湯山 富美子,26514,AUSTIN HEALEY 100/4 BN1,1.35,1953,D,1
34,瀬谷 隆,19898,植野 浩行,17596,BANDINI 750SPORT SILURO,1.45,1953,D,1
35,平岡 弘行,25704,平岡 慶大,15241,AUSTIN HEALEY 100/4 BN1,1.35,1954,D,1
36,仲島 信也,27081,仲島 萬希子,24751,JAGUAR XK120 OTS],1.4,1954,D,1
37,前田 義夫,26715,前田 紀子,26786,FIAT 1100 TV PININ FARINA BERLINETTA,1.35,1955,D,1
38,多田 純二,19606,小川 巧祐,18250,PORSCHE 356 SPEEDSTER,1.4,1955,D,1
39,坂田 豊樹,22225,坂田 早苗,20676,TRIUMPH TR3,1.45,1957,D,1
40,,0,,0,,,,,1
41,長井 啓,17848,山口 達雄,15241,PORSCHE 356A,1.35,1958,E,1
43,天野 雅仁,21177,吉田 勝行,19647,TOYOTA SPORTS800,1.35,1969,E,1
44,川植 康史,22872,亀田 健一,20675,JAGUAR XK140 SE OTS,1.4,1955,D,1
45,滝川 聡,21896,髙橋 誠輝,19165,JAGUAR XK 140,1.4,1955,D,1
46,塚本 光輝,21347,阿久津 由起江,22036,ALFA ROMEO GIULIETTA SPIDER,1.45,1960,E,1
47,嶋田 衛二,21369,谷本 裕英,23756,ALFA ROMEO GIULIETTA SS,1.45,1960,E,1
48,浦川 雅弘,20955,浦川 朋子,19571,FIAT 1100TV PININFARINA,1.35,1954,D,1
49,,0,,0,,,,,0
50,,0,,0,,,,,0
51,山田一輝,17481,山田 佳奈,15223,AUSTIN HEALEY 100/4 BN2,1.35,1956,D,1
52,市毛 優至,23567,市毛 駿介,12688,AUSTIN HEALEY 100/4,1.35,1956,D,1
53,佐々木 元,15794,佐々木 一元,29621,TRIUMPH TR3,1.45,1957,D,1
54,稲垣 雅久,22180,稲垣 由美子,21523,PORSCHE 356A SPEEDSTER,1.35,1957,D,1
55,山遠 直哉,11614,山遠 美和子,22110,MERCEDES BENZ 300SL,1.4,1957,D,1
56,渡邊 哲也,20355,渡邊 美佐子,30617,MG A-FHC,1.35,1959,E,1
57,三品 清重,27950,林 憲司,17988,MG 1600 A,1.35,1959,E,1
58,木下 謙一,20692,,0,FIAT ABARTH 750 ZAGATO RECORD MONZA,1.25,1959,E,1
59,髙島 登,18953,髙島 陽子,19025,JAGUAR XK150,1.4,1960,E,1
60,,0,,0,,,,,0
61,武岡 哲郎,26648,武岡 ひとみ,24465,PORSCHE 356C CABRIOLET,1.4,1963,E,1
62,木村 英雄,26088,木村 伊公子,0,MG MGB-GT,1.2,1967,E,1
